id,no_of_storeys,storey_variable
10359,17,high
10360,14,high
10361,4,Low
10362,5,Medium
10363,4,Low
10364,4,Low
10365,4,Low
10366,7,Medium
10367,32,high
10368,4,Low
10369,4,Low
10370,7,Medium
10371,5,Medium
10372,6,Medium
10373,7,Medium
10374,3,Low
10375,10,high
10376,3,Low
10377,12,high
10378,4,Low
10379,18,high
10380,3,Low
10381,7,Medium
10382,3,Low
10383,15,high
10384,12,high
10385,6,Medium
10386,9,high
10387,8,high
10388,20,high
10389,3,Low
10390,3,Low
10391,19,high
10392,10,high
10393,10,high
10394,16,high
10395,21,high
10396,14,high
10397,4,Low
10398,3,Low
10399,4,Low
10400,3,Low
10401,3,Low
10402,24,high
10403,4,Low
10404,3,Low
10405,13,high
10406,7,Medium
10407,19,high
10408,4,Low
10409,3,Low
10410,22,high
10411,30,high
10412,4,Low
10413,4,Low
10414,5,Medium
10415,7,Medium
10416,10,high
10417,12,high
10418,17,high
10419,17,high
10420,17,high
10421,4,Low
10422,8,high
10423,8,high
10424,4,Low
10425,11,high
10426,15,high
10427,3,Low
10428,4,Low
10429,3,Low
10430,4,Low
10431,18,high
10432,11,high
10433,4,Low
10434,4,Low
10435,4,Low
10436,14,high
10437,3,Low
10438,5,Medium
10439,10,high
10440,3,Low
10441,25,high
10442,3,Low
10443,6,Medium
10444,6,Medium
10445,16,high
10446,12,high
10447,20,high
10448,3,Low
10449,4,Low
10450,4,Low
10451,10,high
10452,14,high
10453,6,Medium
10454,6,Medium
10455,7,Medium
10456,3,Low
10457,4,Low
10458,5,Medium
10459,4,Low
10460,9,high
10461,14,high
10462,6,Medium
10463,3,Low
10464,9,high
10465,3,Low
10466,7,Medium
10467,7,Medium
10468,12,high
10469,4,Low
10470,5,Medium
10471,3,Low
10472,3,Low
10473,6,Medium
10474,6,Medium
10475,4,Low
10476,4,Low
10477,4,Low
10478,3,Low
10479,4,Low
10480,4,Low
10481,4,Low
10482,6,Medium
10483,8,high
10484,4,Low
10485,9,high
10486,13,high
10487,3,Low
10488,3,Low
10489,20,high
10490,4,Low
10491,3,Low
10492,28,high
10493,13,high
10494,3,Low
10495,12,high
10496,4,Low
10497,4,Low
10498,10,high
10499,10,high
10500,11,high
10501,3,Low
10502,4,Low
10503,3,Low
10504,4,Low
10505,4,Low
10506,13,high
10507,5,Medium
10508,5,Medium
10509,7,Medium
10510,24,high
10511,3,Low
10512,7,Medium
10513,7,Medium
10514,4,Low
10515,6,Medium
10516,11,high
10517,28,high
10518,30,high
10519,3,Low
10520,3,Low
10521,4,Low
10522,3,Low
10523,3,Low
10524,36,high
10525,3,Low
10526,6,Medium
10527,3,Low
10528,4,Low
10529,0,Low
10530,17,high
10531,8,high
10532,3,Low
10533,19,high
10534,3,Low
10535,29,high
10536,4,Low
10537,4,Low
10538,27,high
10539,5,Medium
10540,4,Low
10541,4,Low
10542,7,Medium
10543,4,Low
10544,3,Low
10545,8,high
10546,15,high
10547,18,high
10548,17,high
10549,10,high
10550,23,high
10551,3,Low
10552,3,Low
10553,3,Low
10554,24,high
10555,21,high
10556,3,Low
10557,3,Low
10558,3,Low
10559,4,Low
10560,5,Medium
10561,7,Medium
10562,18,high
10563,3,Low
10564,4,Low
10565,4,Low
10566,4,Low
10567,4,Low
10568,4,Low
10569,4,Low
10570,8,high
10571,4,Low
10572,6,Medium
10573,27,high
10574,7,Medium
10575,4,Low
10576,9,high
10577,4,Low
10578,4,Low
10579,4,Low
10580,4,Low
10581,4,Low
10582,16,high
10583,5,Medium
10584,7,Medium
10585,14,high
10586,6,Medium
10587,3,Low
10588,4,Low
10589,20,high
10590,14,high
10591,14,high
10592,4,Low
10593,4,Low
10594,8,high
10595,15,high
10596,8,high
10597,13,high
10598,5,Medium
10599,5,Medium
10600,18,high
10601,3,Low
10602,7,Medium
10603,5,Medium
10604,13,high
10605,3,Low
10606,4,Low
10607,4,Low
10608,9,high
10609,3,Low
10610,7,Medium
10611,4,Low
10612,3,Low
10613,20,high
10614,12,high
10615,9,high
10616,17,high
10617,16,high
10618,4,Low
10619,3,Low
10620,3,Low
10621,4,Low
10622,4,Low
10623,4,Low
10624,4,Low
10625,3,Low
10626,7,Medium
10627,6,Medium
10628,8,high
10629,4,Low
10630,6,Medium
10631,3,Low
10632,3,Low
10633,3,Low
10634,17,high
10635,17,high
10636,4,Low
10637,3,Low
10638,4,Low
10639,3,Low
10640,21,high
10641,10,high
10642,14,high
10643,4,Low
10644,4,Low
10645,3,Low
10646,3,Low
10647,3,Low
10648,12,high
10649,16,high
10650,15,high
10651,3,Low
10652,4,Low
10653,3,Low
10654,3,Low
10655,4,Low
10656,9,high
10657,9,high
10658,4,Low
10659,4,Low
10660,3,Low
10661,3,Low
10662,6,Medium
10663,3,Low
10664,18,high
10665,7,Medium
10666,7,Medium
10667,6,Medium
10668,3,Low
10669,6,Medium
10670,21,high
10671,14,high
10672,21,high
10673,20,high
10674,15,high
10675,10,high
10676,22,high
10677,22,high
10678,4,Low
10679,3,Low
10680,4,Low
10681,4,Low
10682,4,Low
10683,4,Low
10684,4,Low
10685,3,Low
10686,4,Low
10687,10,high
10688,8,high
10689,8,high
10690,8,high
10691,15,high
10692,3,Low
10693,4,Low
10694,4,Low
10695,3,Low
10696,3,Low
10697,3,Low
10698,7,Medium
10699,3,Low
10700,3,Low
10701,3,Low
10702,6,Medium
10703,3,Low
10704,3,Low
10705,4,Low
10706,8,high
10707,6,Medium
10708,3,Low
10709,3,Low
10710,7,Medium
10711,29,high
10712,4,Low
10713,4,Low
10714,9,high
10715,15,high
10716,4,Low
10717,10,high
10718,8,high
10719,3,Low
10720,10,high
10721,4,Low
10722,4,Low
10723,18,high
10724,3,Low
10725,7,Medium
10726,7,Medium
10727,13,high
10728,3,Low
10729,19,high
10730,10,high
10731,28,high
10732,8,high
10733,12,high
10734,13,high
10735,4,Low
10736,3,Low
10737,4,Low
10738,3,Low
10739,4,Low
10740,11,high
10741,4,Low
10742,3,Low
10743,4,Low
10744,4,Low
10745,11,high
10746,12,high
10747,24,high
10748,27,high
10749,29,high
10750,6,Medium
10751,3,Low
10752,4,Low
10753,3,Low
10754,6,Medium
10755,4,Low
10756,3,Low
10757,7,Medium
10758,13,high
10759,12,high
10760,4,Low
10761,3,Low
10762,3,Low
10763,3,Low
10764,3,Low
10765,3,Low
10766,4,Low
10767,4,Low
10768,6,Medium
10769,12,high
10770,4,Low
10771,6,Medium
10772,12,high
10773,12,high
10774,13,high
10775,3,Low
10776,14,high
10777,6,Medium
10778,3,Low
10779,3,Low
10780,3,Low
10781,17,high
10782,10,high
10783,19,high
10784,14,high
10785,3,Low
10786,3,Low
10787,21,high
10788,7,Medium
10789,7,Medium
10790,20,high
10791,6,Medium
10792,7,Medium
10793,7,Medium
10794,4,Low
10795,16,high
10796,3,Low
10797,4,Low
10798,4,Low
10799,4,Low
10800,5,Medium
10801,19,high
10802,3,Low
10803,9,high
10804,12,high
10805,3,Low
10806,3,Low
10807,4,Low
10808,6,Medium
10809,3,Low
10810,7,Medium
10811,8,high
10812,3,Low
10813,3,Low
10814,6,Medium
10815,5,Medium
10816,3,Low
10817,4,Low
10818,4,Low
10819,17,high
10820,13,high
10821,36,high
10822,4,Low
10823,11,high
10824,3,Low
10825,4,Low
10826,17,high
10827,4,Low
10828,7,Medium
10829,19,high
10830,3,Low
10831,7,Medium
10832,8,high
10833,7,Medium
10834,4,Low
10835,5,Medium
10836,4,Low
10837,3,Low
10838,3,Low
10839,9,high
10840,18,high
10841,16,high
10842,15,high
10843,6,Medium
10844,15,high
10845,14,high
10846,20,high
10847,17,high
10848,13,high
10849,7,Medium
10850,6,Medium
10851,15,high
10852,6,Medium
10853,3,Low
10854,3,Low
10855,3,Low
10856,3,Low
10857,3,Low
10858,12,high
10859,3,Low
10860,7,Medium
10861,5,Medium
10862,4,Low
10863,10,high
10864,9,high
10865,5,Medium
10866,3,Low
10867,17,high
10868,5,Medium
10869,4,Low
10870,14,high
10871,3,Low
10872,5,Medium
10873,4,Low
10874,4,Low
10875,4,Low
10876,11,high
10877,5,Medium
10878,4,Low
10879,3,Low
10880,4,Low
10881,7,Medium
10882,7,Medium
10883,9,high
10884,4,Low
10885,4,Low
10886,12,high
10887,4,Low
10888,13,high
10889,3,Low
10890,13,high
10891,3,Low
10892,3,Low
10893,4,Low
10894,5,Medium
10895,5,Medium
10896,14,high
10897,3,Low
10898,6,Medium
10899,3,Low
10900,18,high
10901,4,Low
10902,4,Low
10903,6,Medium
10904,7,Medium
10905,3,Low
10906,3,Low
10907,9,high
10908,3,Low
10909,10,high
10910,9,high
10911,13,high
10912,13,high
10913,5,Medium
10914,5,Medium
10915,14,high
10916,15,high
10917,15,high
10918,4,Low
10919,10,high
10920,3,Low
10921,3,Low
10922,6,Medium
10923,5,Medium
10924,3,Low
10925,4,Low
10926,3,Low
10927,3,Low
10928,4,Low
10929,3,Low
10930,3,Low
10931,6,Medium
10932,7,Medium
10933,12,high
10934,17,high
10935,13,high
10936,4,Low
10937,3,Low
10938,3,Low
10939,3,Low
10940,3,Low
10941,3,Low
10942,6,Medium
10943,3,Low
10944,3,Low
10945,8,high
10946,3,Low
10947,14,high
10948,3,Low
10949,11,high
10950,4,Low
10951,9,high
10952,3,Low
10953,3,Low
10954,4,Low
10955,12,high
10956,15,high
10957,10,high
10958,12,high
10959,15,high
10960,3,Low
10961,3,Low
10962,3,Low
10963,12,high
10964,3,Low
10965,3,Low
10966,5,Medium
10967,28,high
10968,3,Low
10969,4,Low
10970,12,high
10971,12,high
10972,18,high
10973,16,high
10974,12,high
10975,3,Low
10976,13,high
10977,11,high
10978,4,Low
10979,4,Low
10980,4,Low
10981,3,Low
10982,3,Low
10983,3,Low
10984,3,Low
10985,3,Low
10986,4,Low
10987,4,Low
10988,20,high
10989,17,high
10990,15,high
10991,22,high
10992,3,Low
10993,7,Medium
10994,10,high
10995,6,Medium
10996,3,Low
10997,12,high
10998,7,Medium
10999,4,Low
11000,3,Low
11001,10,high
11002,3,Low
11003,19,high
11004,4,Low
11005,3,Low
11006,3,Low
11007,7,Medium
11008,6,Medium
11009,20,high
11010,6,Medium
11011,7,Medium
11012,12,high
11013,4,Low
11014,17,high
11015,3,Low
11016,12,high
11017,12,high
11018,6,Medium
11019,3,Low
11020,4,Low
11021,6,Medium
11022,23,high
11023,12,high
11024,4,Low
11025,20,high
11026,23,high
11027,7,Medium
11028,23,high
11029,3,Low
11030,18,high
11031,20,high
11032,6,Medium
11033,25,high
11034,4,Low
11035,8,high
11036,4,Low
11037,3,Low
11038,3,Low
11039,3,Low
11040,3,Low
11041,12,high
11042,11,high
11043,3,Low
11044,5,Medium
11045,22,high
11046,9,high
11047,14,high
11048,6,Medium
11049,4,Low
11050,3,Low
11051,6,Medium
11052,4,Low
11053,3,Low
11054,3,Low
11055,6,Medium
11056,6,Medium
11057,6,Medium
11058,8,high
11059,11,high
11060,7,Medium
11061,10,high
11062,16,high
11063,11,high
11064,4,Low
11065,7,Medium
11066,8,high
11067,10,high
11068,7,Medium
11069,8,high
11070,19,high
11071,15,high
11072,14,high
11073,18,high
11074,4,Low
11075,4,Low
11076,20,high
11077,16,high
11078,11,high
11079,6,Medium
11080,3,Low
11081,20,high
11082,16,high
11083,4,Low
11084,7,Medium
11085,6,Medium
11086,10,high
11087,12,high
11088,4,Low
11089,6,Medium
11090,3,Low
11091,3,Low
11092,9,high
11093,9,high
11094,4,Low
11095,10,high
11096,5,Medium
11097,7,Medium
11098,23,high
11099,5,Medium
11100,14,high
11101,15,high
11102,16,high
11103,4,Low
11104,6,Medium
11105,8,high
11106,3,Low
11107,12,high
11108,12,high
11109,4,Low
11110,7,Medium
11111,7,Medium
11112,19,high
11113,3,Low
11114,16,high
11115,14,high
11116,6,Medium
11117,16,high
11118,3,Low
11119,3,Low
11120,3,Low
11121,4,Low
11122,12,high
11123,3,Low
11124,6,Medium
11125,18,high
11126,3,Low
11127,12,high
11128,4,Low
11129,3,Low
11130,3,Low
11131,5,Medium
11132,4,Low
11133,4,Low
11134,3,Low
11135,13,high
11136,12,high
11137,7,Medium
11138,12,high
11139,5,Medium
11140,3,Low
11141,4,Low
11142,4,Low
11143,3,Low
11144,21,high
11145,4,Low
11146,4,Low
11147,4,Low
11148,4,Low
11149,5,Medium
11150,17,high
11151,4,Low
11152,7,Medium
11153,5,Medium
11154,3,Low
11155,26,high
11156,4,Low
11157,4,Low
11158,7,Medium
11159,4,Low
11160,18,high
11161,3,Low
11162,4,Low
11163,7,Medium
11164,4,Low
11165,4,Low
11166,4,Low
11167,4,Low
11168,5,Medium
11169,3,Low
11170,5,Medium
11171,3,Low
11172,4,Low
11173,3,Low
11174,4,Low
11175,6,Medium
11176,27,high
11177,3,Low
11178,3,Low
11179,4,Low
11180,3,Low
11181,4,Low
11182,4,Low
11183,33,high
11184,3,Low
11185,23,high
11186,9,high
11187,4,Low
11188,4,Low
11189,5,Medium
11190,7,Medium
11191,4,Low
11192,4,Low
11193,6,Medium
11194,3,Low
11195,3,Low
11196,7,Medium
11197,14,high
11198,20,high
11199,5,Medium
11200,5,Medium
11201,4,Low
11202,4,Low
11203,3,Low
11204,6,Medium
11205,17,high
11206,24,high
11207,3,Low
11208,5,Medium
11209,11,high
11210,25,high
11211,20,high
11212,8,high
11213,6,Medium
11214,3,Low
11215,17,high
11216,3,Low
11217,4,Low
11218,4,Low
11219,4,Low
11220,4,Low
11221,3,Low
11222,7,Medium
11223,15,high
11224,3,Low
11225,4,Low
11226,7,Medium
11227,6,Medium
11228,6,Medium
11229,11,high
11230,3,Low
11231,5,Medium
11232,3,Low
11233,4,Low
11234,8,high
11235,3,Low
11236,4,Low
11237,3,Low
11238,3,Low
11239,4,Low
11240,6,Medium
11241,3,Low
11242,4,Low
11243,9,high
11244,8,high
11245,4,Low
11246,4,Low
11247,10,high
11248,4,Low
11249,4,Low
11250,6,Medium
11251,5,Medium
11252,3,Low
11253,3,Low
11254,8,high
11255,4,Low
11256,5,Medium
11257,32,high
11258,3,Low
11259,3,Low
11260,4,Low
11261,4,Low
11262,11,high
11263,3,Low
11264,10,high
11265,21,high
11266,25,high
11267,3,Low
11268,11,high
11269,12,high
11270,7,Medium
11271,24,high
11272,4,Low
11273,4,Low
11274,3,Low
11275,6,Medium
11276,4,Low
11277,6,Medium
11278,6,Medium
11279,4,Low
11280,4,Low
11281,4,Low
11282,4,Low
11283,3,Low
11284,4,Low
11285,3,Low
11286,3,Low
11287,8,high
11288,0,Low
11289,20,high
11290,3,Low
11291,3,Low
11292,4,Low
11293,3,Low
11294,3,Low
11295,3,Low
11296,19,high
11297,3,Low
11298,18,high
11299,7,Medium
11300,11,high
11301,3,Low
11302,6,Medium
11303,4,Low
11304,3,Low
11305,4,Low
11306,3,Low
11307,3,Low
11308,3,Low
11309,3,Low
11310,14,high
11311,29,high
11312,14,high
11313,8,high
11314,8,high
11315,18,high
11316,6,Medium
11317,10,high
11318,4,Low
11319,3,Low
11320,3,Low
11321,4,Low
11322,14,high
11323,17,high
11324,4,Low
11325,4,Low
11326,29,high
11327,4,Low
11328,4,Low
11329,4,Low
11330,4,Low
11331,5,Medium
11332,3,Low
11333,19,high
11334,4,Low
11335,3,Low
11336,3,Low
11337,3,Low
11338,3,Low
11339,3,Low
11340,4,Low
11341,3,Low
11342,4,Low
11343,4,Low
11344,16,high
11345,6,Medium
11346,4,Low
11347,3,Low
11348,3,Low
11349,21,high
11350,11,high
11351,3,Low
11352,3,Low
11353,6,Medium
11354,4,Low
11355,10,high
11356,12,high
11357,6,Medium
11358,3,Low
11359,11,high
11360,3,Low
11361,3,Low
11362,4,Low
11363,3,Low
11364,3,Low
11365,4,Low
11366,4,Low
11367,4,Low
11368,9,high
11369,4,Low
11370,11,high
11371,6,Medium
11372,20,high
11373,21,high
11374,6,Medium
11375,6,Medium
11376,3,Low
11377,3,Low
11378,3,Low
11379,10,high
11380,4,Low
11381,19,high
11382,7,Medium
11383,12,high
11384,4,Low
11385,21,high
11386,8,high
11387,17,high
11388,6,Medium
11389,3,Low
11390,9,high
11391,14,high
11392,4,Low
11393,7,Medium
11394,21,high
11395,17,high
11396,6,Medium
11397,4,Low
11398,4,Low
11399,4,Low
11400,5,Medium
11401,19,high
11402,7,Medium
11403,3,Low
11404,4,Low
11405,3,Low
11406,3,Low
11407,5,Medium
11408,4,Low
11409,24,high
11410,14,high
11411,6,Medium
11412,5,Medium
11413,17,high
11414,7,Medium
11415,4,Low
11416,3,Low
11417,23,high
11418,4,Low
11419,3,Low
11420,15,high
11421,15,high
11422,5,Medium
11423,7,Medium
11424,10,high
11425,3,Low
11426,6,Medium
11427,4,Low
11428,3,Low
11429,3,Low
11430,5,Medium
11431,6,Medium
11432,4,Low
11433,4,Low
11434,4,Low
11435,4,Low
11436,17,high
11437,4,Low
11438,3,Low
11439,4,Low
11440,3,Low
11441,3,Low
11442,13,high
11443,23,high
11444,19,high
11445,3,Low
11446,7,Medium
11447,3,Low
11448,3,Low
11449,5,Medium
11450,6,Medium
11451,19,high
11452,6,Medium
11453,7,Medium
11454,3,Low
11455,3,Low
11456,3,Low
11457,3,Low
11458,3,Low
11459,3,Low
11460,4,Low
11461,3,Low
11462,4,Low
11463,4,Low
11464,3,Low
11465,16,high
11466,16,high
11467,8,high
11468,5,Medium
11469,14,high
11470,6,Medium
11471,3,Low
11472,4,Low
11473,4,Low
11474,23,high
11475,3,Low
11476,15,high
11477,13,high
11478,6,Medium
11479,6,Medium
11480,3,Low
11481,3,Low
11482,4,Low
11483,4,Low
11484,4,Low
11485,4,Low
11486,4,Low
11487,4,Low
11488,6,Medium
11489,4,Low
11490,7,Medium
11491,7,Medium
11492,5,Medium
11493,7,Medium
11494,6,Medium
11495,4,Low
11496,6,Medium
11497,6,Medium
11498,7,Medium
11499,21,high
11500,10,high
11501,15,high
11502,4,Low
11503,3,Low
11504,3,Low
11505,3,Low
11506,4,Low
11507,12,high
11508,4,Low
11509,6,Medium
11510,23,high
11511,3,Low
11512,3,Low
11513,3,Low
11514,23,high
11515,3,Low
11516,3,Low
11517,6,Medium
11518,7,Medium
11519,7,Medium
11520,14,high
11521,3,Low
11522,5,Medium
11523,3,Low
11524,5,Medium
11525,14,high
11526,16,high
11527,16,high
11528,8,high
11529,14,high
11530,3,Low
11531,17,high
11532,3,Low
11533,20,high
11534,3,Low
11535,14,high
11536,17,high
11537,13,high
11538,14,high
11539,22,high
11540,19,high
11541,4,Low
11542,3,Low
11543,4,Low
11544,4,Low
11545,4,Low
11546,4,Low
11547,5,Medium
11548,3,Low
11549,4,Low
11550,6,Medium
11551,3,Low
11552,15,high
11553,15,high
11554,10,high
11555,3,Low
11556,4,Low
11557,4,Low
11558,3,Low
11559,3,Low
11560,5,Medium
11561,3,Low
11562,3,Low
11563,15,high
11564,15,high
11565,4,Low
11566,4,Low
11567,3,Low
11568,3,Low
11569,3,Low
11570,4,Low
11571,3,Low
11572,3,Low
11573,4,Low
11574,18,high
11575,24,high
11576,3,Low
11577,4,Low
11578,13,high
11579,10,high
11580,11,high
11581,3,Low
11582,4,Low
11583,3,Low
11584,3,Low
11585,9,high
11586,4,Low
11587,7,Medium
11588,8,high
11589,4,Low
11590,13,high
11591,7,Medium
11592,25,high
11593,16,high
11594,4,Low
11595,14,high
11596,7,Medium
11597,3,Low
11598,6,Medium
11599,4,Low
11600,4,Low
11601,10,high
11602,4,Low
11603,4,Low
11604,13,high
11605,4,Low
11606,3,Low
11607,23,high
11608,19,high
11609,3,Low
11610,16,high
11611,3,Low
11612,5,Medium
11613,3,Low
11614,3,Low
11615,51,high
11616,3,Low
11617,13,high
11618,3,Low
11619,3,Low
11620,3,Low
11621,12,high
11622,15,high
11623,14,high
11624,5,Medium
11625,3,Low
11626,20,high
11627,16,high
11628,9,high
11629,3,Low
11630,4,Low
11631,22,high
11632,24,high
11633,3,Low
11634,3,Low
11635,3,Low
11636,13,high
11637,4,Low
11638,13,high
11639,4,Low
11640,12,high
11641,4,Low
11642,4,Low
11643,3,Low
11644,4,Low
11645,4,Low
11646,3,Low
11647,3,Low
11648,12,high
11649,21,high
11650,16,high
11651,4,Low
11652,4,Low
11653,4,Low
11654,4,Low
11655,4,Low
11656,4,Low
11657,11,high
11658,13,high
11659,21,high
11660,4,Low
11661,4,Low
11662,4,Low
11663,4,Low
11664,4,Low
11665,4,Low
11666,3,Low
11667,9,high
11668,17,high
11669,3,Low
11670,4,Low
11671,4,Low
11672,11,high
11673,7,Medium
11674,4,Low
11675,11,high
11676,13,high
11677,10,high
11678,13,high
11679,4,Low
11680,10,high
11681,14,high
11682,10,high
11683,4,Low
11684,3,Low
11685,3,Low
11686,4,Low
11687,4,Low
11688,3,Low
11689,3,Low
11690,4,Low
11691,4,Low
11692,3,Low
11693,4,Low
11694,4,Low
11695,7,Medium
11696,3,Low
11697,3,Low
11698,3,Low
11699,4,Low
11700,3,Low
11701,6,Medium
11702,3,Low
11703,3,Low
11704,3,Low
11705,4,Low
11706,4,Low
11707,23,high
11708,4,Low
11709,4,Low
11710,10,high
11711,8,high
11712,18,high
11713,4,Low
11714,6,Medium
11715,12,high
11716,4,Low
11717,10,high
11718,19,high
11719,4,Low
11720,3,Low
11721,8,high
11722,3,Low
11723,5,Medium
11724,14,high
11725,10,high
11726,3,Low
11727,13,high
11728,6,Medium
11729,3,Low
11730,9,high
11731,4,Low
11732,8,high
11733,10,high
11734,5,Medium
11735,4,Low
11736,7,Medium
11737,12,high
11738,6,Medium
11739,7,Medium
11740,3,Low
11741,4,Low
11742,8,high
11743,11,high
11744,3,Low
11745,4,Low
11746,4,Low
11747,10,high
11748,11,high
11749,6,Medium
11750,15,high
11751,14,high
11752,11,high
11753,7,Medium
11754,17,high
11755,3,Low
11756,14,high
11757,13,high
11758,12,high
11759,13,high
11760,15,high
11761,11,high
11762,3,Low
11763,3,Low
11764,3,Low
11765,3,Low
11766,5,Medium
11767,3,Low
11768,13,high
11769,29,high
11770,3,Low
11771,12,high
11772,16,high
11773,11,high
11774,15,high
11775,13,high
11776,13,high
11777,9,high
11778,14,high
11779,3,Low
11780,4,Low
11781,4,Low
11782,4,Low
11783,4,Low
11784,3,Low
11785,4,Low
11786,3,Low
11787,13,high
11788,14,high
11789,18,high
11790,15,high
11791,15,high
11792,8,high
11793,3,Low
11794,3,Low
11795,4,Low
11796,4,Low
11797,3,Low
11798,6,Medium
11799,4,Low
11800,4,Low
11801,4,Low
11802,3,Low
11803,4,Low
11804,18,high
11805,16,high
11806,4,Low
11807,3,Low
11808,3,Low
11809,3,Low
11810,3,Low
11811,3,Low
11812,3,Low
11813,3,Low
11814,3,Low
11815,9,high
11816,9,high
11817,3,Low
11818,3,Low
11819,4,Low
11820,3,Low
11821,7,Medium
11822,19,high
11823,12,high
11824,10,high
11825,3,Low
11826,3,Low
11827,3,Low
11828,3,Low
11829,8,high
11830,3,Low
11831,11,high
11832,4,Low
11833,3,Low
11834,9,high
11835,13,high
11836,15,high
11837,12,high
11838,19,high
11839,18,high
11840,10,high
11841,5,Medium
11842,19,high
11843,4,Low
11844,3,Low
11845,3,Low
11846,5,Medium
11847,3,Low
11848,4,Low
11849,4,Low
11850,10,high
11851,3,Low
11852,3,Low
11853,6,Medium
11854,24,high
11855,4,Low
11856,20,high
11857,8,high
11858,4,Low
11859,3,Low
11860,4,Low
11861,17,high
11862,3,Low
11863,3,Low
11864,3,Low
11865,3,Low
11866,3,Low
11867,3,Low
11868,3,Low
11869,4,Low
11870,20,high
11871,6,Medium
11872,12,high
11873,12,high
11874,4,Low
11875,18,high
11876,9,high
11877,10,high
11878,7,Medium
11879,4,Low
11880,3,Low
11881,3,Low
11882,6,Medium
11883,3,Low
11884,19,high
11885,9,high
11886,3,Low
11887,7,Medium
11888,25,high
11889,20,high
11890,6,Medium
11891,6,Medium
11892,6,Medium
11893,6,Medium
11894,11,high
11895,6,Medium
11896,4,Low
11897,6,Medium
11898,16,high
11899,9,high
11900,9,high
11901,3,Low
11902,7,Medium
11903,4,Low
11904,11,high
11905,5,Medium
11906,3,Low
11907,6,Medium
11908,4,Low
11909,6,Medium
11910,3,Low
11911,5,Medium
11912,3,Low
11913,4,Low
11914,12,high
11915,18,high
11916,5,Medium
11917,3,Low
11918,8,high
11919,3,Low
11920,12,high
11921,6,Medium
11922,13,high
11923,3,Low
11924,3,Low
11925,4,Low
11926,4,Low
11927,7,Medium
11928,7,Medium
11929,5,Medium
11930,3,Low
11931,3,Low
11932,3,Low
11933,4,Low
11934,7,Medium
11935,3,Low
11936,4,Low
11937,5,Medium
11938,4,Low
11939,8,high
11940,3,Low
11941,3,Low
11942,8,high
11943,14,high
11944,3,Low
11945,3,Low
11946,6,Medium
11947,0,Low
11948,10,high
11949,8,high
11950,5,Medium
11951,17,high
11952,4,Low
11953,6,Medium
11954,3,Low
11955,6,Medium
11956,4,Low
11957,5,Medium
11958,4,Low
11959,28,high
11960,3,Low
11961,7,Medium
11962,4,Low
11963,5,Medium
11964,3,Low
11965,18,high
11966,7,Medium
11967,4,Low
11968,7,Medium
11969,5,Medium
11970,3,Low
11971,5,Medium
11972,5,Medium
11973,4,Low
11974,3,Low
11975,7,Medium
11976,4,Low
11977,3,Low
11978,6,Medium
11979,3,Low
11980,4,Low
11981,4,Low
11982,3,Low
11983,3,Low
11984,3,Low
11985,4,Low
11986,23,high
11987,7,Medium
11988,4,Low
11989,7,Medium
11990,4,Low
11991,3,Low
11992,4,Low
11993,7,Medium
11994,18,high
11995,4,Low
11996,3,Low
11997,12,high
11998,24,high
11999,9,high
12000,3,Low
12001,8,high
12002,4,Low
12003,4,Low
12004,4,Low
12005,8,high
12006,5,Medium
12007,4,Low
12008,4,Low
12009,4,Low
12010,3,Low
12011,5,Medium
12012,11,high
12013,14,high
12014,3,Low
12015,4,Low
12016,12,high
12017,30,high
12018,3,Low
12019,13,high
12020,10,high
12021,3,Low
12022,4,Low
12023,4,Low
12024,7,Medium
12025,21,high
12026,7,Medium
12027,6,Medium
12028,6,Medium
12029,18,high
12030,4,Low
12031,9,high
12032,5,Medium
12033,4,Low
12034,4,Low
12035,3,Low
12036,43,high
12037,3,Low
12038,3,Low
12039,3,Low
12040,3,Low
12041,5,Medium
12042,4,Low
12043,3,Low
12044,3,Low
12045,3,Low
12046,4,Low
12047,4,Low
12048,3,Low
12049,3,Low
12050,3,Low
12051,22,high
12052,11,high
12053,8,high
12054,3,Low
12055,29,high
12056,5,Medium
12057,4,Low
12058,4,Low
12059,10,high
12060,4,Low
12061,4,Low
12062,3,Low
12063,24,high
12064,5,Medium
12065,11,high
12066,11,high
12067,6,Medium
12068,6,Medium
12069,6,Medium
12070,6,Medium
12071,7,Medium
12072,9,high
12073,6,Medium
12074,15,high
12075,4,Low
12076,3,Low
12077,3,Low
12078,3,Low
12079,3,Low
12080,6,Medium
12081,3,Low
12082,14,high
12083,13,high
12084,13,high
12085,16,high
12086,6,Medium
12087,3,Low
12088,4,Low
12089,8,high
12090,6,Medium
12091,12,high
12092,4,Low
12093,4,Low
12094,3,Low
12095,4,Low
12096,3,Low
12097,3,Low
12098,11,high
12099,3,Low
12100,4,Low
12101,3,Low
12102,4,Low
12103,11,high
12104,17,high
12105,24,high
12106,3,Low
12107,6,Medium
12108,9,high
12109,16,high
12110,4,Low
12111,5,Medium
12112,14,high
12113,11,high
12114,4,Low
12115,5,Medium
12116,8,high
12117,6,Medium
12118,4,Low
12119,4,Low
12120,7,Medium
12121,4,Low
12122,9,high
12123,8,high
12124,6,Medium
12125,10,high
12126,11,high
12127,9,high
12128,8,high
12129,3,Low
12130,6,Medium
12131,3,Low
12132,3,Low
12133,33,high
12134,10,high
12135,4,Low
12136,4,Low
12137,19,high
12138,4,Low
12139,22,high
12140,3,Low
12141,11,high
12142,6,Medium
12143,6,Medium
12144,12,high
12145,27,high
12146,9,high
12147,6,Medium
12148,3,Low
12149,12,high
12150,16,high
12151,3,Low
12152,13,high
12153,7,Medium
12154,4,Low
12155,3,Low
12156,4,Low
12157,3,Low
12158,3,Low
12159,3,Low
12160,17,high
12161,4,Low
12162,13,high
12163,18,high
12164,16,high
12165,12,high
12166,12,high
12167,24,high
12168,3,Low
12169,3,Low
12170,5,Medium
12171,4,Low
12172,3,Low
12173,3,Low
12174,3,Low
12175,30,high
12176,3,Low
12177,3,Low
12178,10,high
12179,3,Low
12180,3,Low
12181,4,Low
12182,8,high
12183,3,Low
12184,4,Low
12185,4,Low
12186,6,Medium
12187,3,Low
12188,3,Low
12189,4,Low
12190,3,Low
12191,6,Medium
12192,5,Medium
12193,21,high
12194,11,high
12195,4,Low
12196,4,Low
12197,3,Low
12198,27,high
12199,3,Low
12200,6,Medium
12201,9,high
12202,6,Medium
12203,8,high
12204,6,Medium
12205,14,high
12206,9,high
12207,19,high
12208,4,Low
12209,14,high
12210,13,high
12211,10,high
12212,7,Medium
12213,3,Low
12214,3,Low
12215,9,high
12216,3,Low
12217,4,Low
12218,4,Low
12219,4,Low
12220,4,Low
12221,5,Medium
12222,11,high
12223,13,high
12224,15,high
12225,6,Medium
12226,12,high
12227,10,high
12228,7,Medium
12229,7,Medium
12230,4,Low
12231,5,Medium
12232,14,high
12233,24,high
12234,3,Low
12235,11,high
12236,4,Low
12237,6,Medium
12238,6,Medium
12239,4,Low
12240,4,Low
12241,3,Low
12242,3,Low
12243,3,Low
12244,3,Low
12245,3,Low
12246,3,Low
12247,26,high
12248,3,Low
12249,4,Low
12250,4,Low
12251,9,high
12252,3,Low
12253,3,Low
12254,4,Low
12255,12,high
12256,4,Low
12257,4,Low
12258,4,Low
12259,8,high
12260,17,high
12261,22,high
12262,3,Low
12263,3,Low
12264,4,Low
12265,6,Medium
12266,11,high
12267,11,high
12268,11,high
12269,5,Medium
12270,4,Low
12271,5,Medium
12272,4,Low
12273,4,Low
12274,4,Low
12275,4,Low
12276,4,Low
12277,3,Low
12278,3,Low
12279,3,Low
12280,4,Low
12281,7,Medium
12282,6,Medium
12283,4,Low
12284,15,high
12285,7,Medium
12286,4,Low
12287,4,Low
12288,4,Low
12289,4,Low
12290,8,high
12291,14,high
12292,4,Low
12293,4,Low
12294,6,Medium
12295,6,Medium
12296,5,Medium
12297,4,Low
12298,3,Low
12299,3,Low
12300,6,Medium
12301,16,high
12302,22,high
12303,6,Medium
12304,3,Low
12305,4,Low
12306,3,Low
12307,4,Low
12308,3,Low
12309,4,Low
12310,4,Low
12311,3,Low
12312,14,high
12313,3,Low
12314,3,Low
12315,10,high
12316,7,Medium
12317,30,high
12318,7,Medium
12319,37,high
12320,19,high
12321,13,high
12322,4,Low
12323,3,Low
12324,15,high
12325,15,high
12326,16,high
12327,14,high
12328,6,Medium
12329,21,high
12330,3,Low
12331,4,Low
12332,4,Low
12333,4,Low
12334,9,high
12335,4,Low
12336,4,Low
12337,13,high
12338,4,Low
12339,17,high
12340,4,Low
12341,4,Low
12342,24,high
12343,20,high
12344,15,high
12345,8,high
12346,18,high
12347,7,Medium
12348,5,Medium
12349,16,high
12350,7,Medium
12351,11,high
12352,5,Medium
12353,6,Medium
12354,3,Low
12355,7,Medium
12356,15,high
12357,7,Medium
12358,8,high
12359,8,high
12360,5,Medium
12361,4,Low
12362,3,Low
12363,4,Low
12364,3,Low
12365,6,Medium
12366,17,high
12367,12,high
12368,5,Medium
12369,4,Low
12370,7,Medium
12371,3,Low
12372,3,Low
12373,5,Medium
12374,6,Medium
12375,4,Low
12376,7,Medium
12377,3,Low
12378,4,Low
12379,3,Low
12380,4,Low
12381,6,Medium
12382,4,Low
12383,4,Low
12384,13,high
12385,7,Medium
12386,4,Low
12387,4,Low
12388,4,Low
12389,4,Low
12390,4,Low
12391,4,Low
12392,3,Low
12393,4,Low
12394,4,Low
12395,4,Low
12396,7,Medium
12397,14,high
12398,9,high
12399,11,high
12400,11,high
12401,7,Medium
12402,18,high
12403,4,Low
12404,7,Medium
12405,7,Medium
12406,19,high
12407,4,Low
12408,4,Low
12409,4,Low
12410,3,Low
12411,8,high
12412,6,Medium
12413,4,Low
12414,4,Low
12415,11,high
12416,3,Low
12417,4,Low
12418,4,Low
12419,3,Low
12420,3,Low
12421,3,Low
12422,3,Low
12423,8,high
12424,8,high
12425,4,Low
12426,3,Low
12427,3,Low
12428,3,Low
12429,3,Low
12430,3,Low
12431,3,Low
12432,4,Low
12433,4,Low
12434,3,Low
12435,3,Low
12436,6,Medium
12437,15,high
12438,20,high
12439,9,high
12440,19,high
12441,10,high
12442,5,Medium
12443,6,Medium
12444,12,high
12445,7,Medium
12446,14,high
12447,11,high
12448,4,Low
12449,13,high
12450,5,Medium
12451,11,high
12452,9,high
12453,3,Low
12454,20,high
12455,4,Low
12456,3,Low
12457,3,Low
12458,7,Medium
12459,21,high
12460,21,high
12461,28,high
12462,17,high
12463,7,Medium
12464,17,high
12465,4,Low
12466,4,Low
12467,4,Low
12468,4,Low
12469,4,Low
12470,4,Low
12471,3,Low
12472,3,Low
12473,4,Low
12474,5,Medium
12475,6,Medium
12476,3,Low
12477,3,Low
12478,4,Low
12479,3,Low
12480,4,Low
12481,4,Low
12482,3,Low
12483,3,Low
12484,3,Low
12485,10,high
12486,22,high
12487,3,Low
12488,3,Low
12489,7,Medium
12490,3,Low
12491,18,high
12492,3,Low
12493,3,Low
12494,3,Low
12495,25,high
12496,4,Low
12497,6,Medium
12498,4,Low
12499,4,Low
12500,3,Low
12501,4,Low
12502,4,Low
12503,4,Low
12504,3,Low
12505,29,high
12506,12,high
12507,19,high
12508,15,high
12509,22,high
12510,14,high
12511,5,Medium
12512,4,Low
12513,4,Low
12514,3,Low
12515,7,Medium
12516,12,high
12517,3,Low
12518,12,high
12519,3,Low
12520,7,Medium
12521,4,Low
12522,7,Medium
12523,6,Medium
12524,6,Medium
12525,4,Low
12526,5,Medium
12527,6,Medium
12528,8,high
12529,6,Medium
12530,22,high
12531,11,high
12532,5,Medium
12533,6,Medium
12534,9,high
12535,6,Medium
12536,6,Medium
12537,5,Medium
12538,3,Low
12539,3,Low
12540,6,Medium
12541,4,Low
12542,17,high
12543,12,high
12544,10,high
12545,22,high
12546,4,Low
12547,4,Low
12548,4,Low
12549,3,Low
12550,3,Low
12551,4,Low
12552,3,Low
12553,29,high
12554,10,high
12555,43,high
12556,4,Low
12557,7,Medium
12558,3,Low
12559,3,Low
12560,4,Low
12561,4,Low
12562,22,high
12563,17,high
12564,3,Low
12565,6,Medium
12566,13,high
12567,5,Medium
12568,13,high
12569,8,high
12570,5,Medium
12571,3,Low
12572,4,Low
12573,4,Low
12574,3,Low
12575,3,Low
12576,3,Low
12577,3,Low
12578,3,Low
12579,7,Medium
12580,19,high
12581,3,Low
12582,7,Medium
12583,3,Low
12584,7,Medium
12585,14,high
12586,11,high
12587,4,Low
12588,6,Medium
12589,4,Low
12590,6,Medium
12591,4,Low
12592,6,Medium
12593,11,high
12594,3,Low
12595,17,high
12596,4,Low
12597,6,Medium
12598,14,high
12599,7,Medium
12600,14,high
12601,3,Low
12602,15,high
12603,7,Medium
12604,10,high
12605,4,Low
12606,3,Low
12607,28,high
12608,23,high
12609,5,Medium
12610,5,Medium
12611,7,Medium
12612,3,Low
12613,4,Low
12614,3,Low
12615,3,Low
12616,4,Low
12617,18,high
12618,15,high
12619,4,Low
12620,4,Low
12621,13,high
12622,18,high
12623,19,high
12624,4,Low
12625,4,Low
12626,18,high
12627,4,Low
12628,4,Low
12629,4,Low
12630,4,Low
12631,6,Medium
12632,28,high
12633,6,Medium
12634,3,Low
12635,4,Low
12636,6,Medium
12637,12,high
12638,7,Medium
12639,4,Low
12640,16,high
12641,12,high
12642,12,high
12643,9,high
12644,11,high
12645,3,Low
12646,3,Low
12647,7,Medium
12648,4,Low
12649,4,Low
12650,3,Low
12651,4,Low
12652,4,Low
12653,3,Low
12654,24,high
12655,24,high
12656,3,Low
12657,3,Low
12658,8,high
12659,8,high
12660,8,high
12661,5,Medium
12662,4,Low
12663,3,Low
12664,4,Low
12665,5,Medium
12666,7,Medium
12667,4,Low
12668,4,Low
12669,6,Medium
12670,3,Low
12671,3,Low
12672,3,Low
12673,4,Low
12674,3,Low
12675,12,high
12676,6,Medium
12677,5,Medium
12678,4,Low
12679,3,Low
12680,6,Medium
12681,3,Low
12682,3,Low
12683,3,Low
12684,3,Low
12685,3,Low
12686,5,Medium
12687,4,Low
12688,6,Medium
12689,16,high
12690,16,high
12691,12,high
12692,19,high
12693,3,Low
12694,3,Low
12695,3,Low
12696,3,Low
12697,3,Low
12698,13,high
12699,4,Low
12700,6,Medium
12701,8,high
12702,4,Low
12703,5,Medium
12704,6,Medium
12705,3,Low
12706,3,Low
12707,6,Medium
12708,4,Low
12709,14,high
12710,17,high
12711,14,high
12712,8,high
12713,13,high
12714,10,high
12715,3,Low
12716,4,Low
12717,30,high
12718,33,high
12719,7,Medium
12720,24,high
12721,3,Low
12722,4,Low
12723,4,Low
12724,3,Low
12725,3,Low
12726,3,Low
12727,3,Low
12728,3,Low
12729,15,high
12730,20,high
12731,3,Low
12732,9,high
12733,3,Low
12734,3,Low
12735,11,high
12736,12,high
12737,18,high
12738,16,high
12739,16,high
12740,3,Low
12741,3,Low
12742,3,Low
12743,4,Low
12744,6,Medium
12745,4,Low
12746,16,high
12747,13,high
12748,3,Low
12749,3,Low
12750,3,Low
12751,4,Low
12752,4,Low
12753,6,Medium
12754,4,Low
12755,13,high
12756,6,Medium
12757,4,Low
12758,3,Low
12759,22,high
12760,12,high
12761,11,high
12762,3,Low
12763,3,Low
12764,4,Low
12765,3,Low
12766,9,high
12767,4,Low
12768,4,Low
12769,4,Low
12770,4,Low
12771,16,high
12772,4,Low
12773,9,high
12774,4,Low
12775,6,Medium
12776,6,Medium
12777,15,high
12778,12,high
12779,3,Low
12780,6,Medium
12781,15,high
12782,15,high
12783,7,Medium
12784,5,Medium
12785,3,Low
12786,3,Low
12787,8,high
12788,27,high
12789,9,high
12790,9,high
12791,20,high
12792,20,high
12793,43,high
12794,6,Medium
12795,6,Medium
12796,6,Medium
12797,7,Medium
12798,9,high
12799,6,Medium
12800,8,high
12801,4,Low
12802,4,Low
12803,9,high
12804,9,high
12805,3,Low
12806,12,high
12807,3,Low
12808,11,high
12809,19,high
12810,11,high
12811,3,Low
12812,3,Low
12813,3,Low
12814,4,Low
12815,4,Low
12816,13,high
12817,3,Low
12818,4,Low
12819,6,Medium
12820,10,high
12821,7,Medium
12822,4,Low
12823,4,Low
12824,5,Medium
12825,4,Low
12826,6,Medium
12827,4,Low
12828,8,high
12829,12,high
12830,3,Low
12831,9,high
12832,9,high
12833,18,high
12834,4,Low
12835,3,Low
12836,8,high
12837,4,Low
12838,5,Medium
12839,3,Low
12840,3,Low
12841,13,high
12842,10,high
12843,12,high
12844,4,Low
12845,4,Low
12846,4,Low
12847,8,high
12848,11,high
12849,4,Low
12850,18,high
12851,4,Low
12852,6,Medium
12853,6,Medium
12854,9,high
12855,4,Low
12856,3,Low
12857,4,Low
12858,6,Medium
12859,12,high
12860,9,high
12861,30,high
12862,3,Low
12863,3,Low
12864,6,Medium
12865,5,Medium
12866,10,high
12867,7,Medium
12868,3,Low
12869,3,Low
12870,3,Low
12871,7,Medium
12872,11,high
12873,11,high
12874,24,high
12875,23,high
12876,24,high
12877,4,Low
12878,7,Medium
12879,7,Medium
12880,3,Low
12881,7,Medium
12882,5,Medium
12883,3,Low
12884,3,Low
12885,3,Low
12886,11,high
12887,3,Low
12888,4,Low
12889,3,Low
12890,7,Medium
12891,6,Medium
12892,4,Low
12893,3,Low
12894,4,Low
12895,7,Medium
12896,15,high
12897,8,high
12898,4,Low
12899,4,Low
12900,3,Low
12901,7,Medium
12902,4,Low
12903,3,Low
12904,26,high
12905,10,high
12906,4,Low
12907,26,high
12908,4,Low
12909,4,Low
12910,8,high
12911,3,Low
12912,9,high
12913,5,Medium
12914,12,high
12915,13,high
12916,13,high
12917,3,Low
12918,7,Medium
12919,3,Low
12920,4,Low
12921,6,Medium
12922,5,Medium
12923,3,Low
12924,3,Low
12925,3,Low
12926,3,Low
12927,4,Low
12928,3,Low
12929,3,Low
12930,23,high
12931,3,Low
12932,18,high
12933,3,Low
12934,17,high
12935,3,Low
12936,29,high
12937,10,high
12938,5,Medium
12939,7,Medium
12940,6,Medium
12941,11,high
12942,3,Low
12943,3,Low
12944,3,Low
12945,4,Low
12946,3,Low
12947,3,Low
12948,3,Low
12949,6,Medium
12950,8,high
12951,3,Low
12952,3,Low
12953,6,Medium
12954,4,Low
12955,4,Low
12956,3,Low
12957,16,high
12958,4,Low
12959,7,Medium
12960,23,high
12961,6,Medium
12962,4,Low
12963,18,high
12964,25,high
12965,16,high
12966,15,high
12967,12,high
12968,6,Medium
12969,4,Low
12970,3,Low
12971,7,Medium
12972,9,high
12973,3,Low
12974,4,Low
12975,4,Low
12976,4,Low
12977,7,Medium
12978,18,high
12979,9,high
12980,24,high
12981,3,Low
12982,22,high
12983,3,Low
12984,14,high
12985,10,high
12986,7,Medium
12987,3,Low
12988,3,Low
12989,23,high
12990,14,high
12991,18,high
12992,19,high
12993,19,high
12994,4,Low
12995,6,Medium
12996,12,high
12997,21,high
12998,15,high
12999,3,Low
13000,13,high
13001,4,Low
13002,4,Low
13003,5,Medium
13004,7,Medium
13005,6,Medium
13006,10,high
13007,3,Low
13008,3,Low
13009,5,Medium
13010,11,high
13011,13,high
13012,4,Low
13013,21,high
13014,16,high
13015,4,Low
13016,18,high
13017,9,high
13018,7,Medium
13019,4,Low
13020,3,Low
13021,14,high
13022,10,high
13023,18,high
13024,4,Low
13025,4,Low
13026,4,Low
13027,8,high
13028,4,Low
13029,4,Low
13030,5,Medium
13031,5,Medium
13032,4,Low
13033,4,Low
13034,4,Low
13035,11,high
13036,7,Medium
13037,13,high
13038,17,high
13039,4,Low
13040,7,Medium
13041,5,Medium
13042,5,Medium
13043,21,high
13044,25,high
13045,4,Low
13046,15,high
13047,15,high
13048,11,high
13049,5,Medium
13050,6,Medium
13051,3,Low
13052,3,Low
13053,3,Low
13054,4,Low
13055,4,Low
13056,3,Low
13057,6,Medium
13058,15,high
13059,12,high
13060,8,high
13061,12,high
13062,5,Medium
13063,5,Medium
13064,3,Low
13065,6,Medium
13066,6,Medium
13067,3,Low
13068,18,high
13069,4,Low
13070,4,Low
13071,4,Low
13072,3,Low
13073,3,Low
13074,19,high
13075,7,Medium
13076,4,Low
13077,7,Medium
13078,4,Low
13079,4,Low
13080,16,high
13081,3,Low
13082,6,Medium
13083,7,Medium
13084,3,Low
13085,6,Medium
13086,4,Low
13087,4,Low
13088,13,high
13089,5,Medium
13090,4,Low
13091,4,Low
13092,25,high
13093,15,high
13094,4,Low
13095,6,Medium
13096,3,Low
13097,7,Medium
13098,9,high
13099,4,Low
13100,7,Medium
13101,14,high
13102,4,Low
13103,12,high
13104,6,Medium
13105,5,Medium
13106,10,high
13107,11,high
13108,4,Low
13109,3,Low
13110,4,Low
13111,15,high
13112,17,high
13113,3,Low
13114,3,Low
13115,3,Low
13116,19,high
13117,7,Medium
13118,3,Low
13119,7,Medium
13120,30,high
13121,7,Medium
13122,3,Low
13123,3,Low
13124,4,Low
13125,7,Medium
13126,8,high
13127,9,high
13128,10,high
13129,13,high
13130,10,high
13131,17,high
13132,4,Low
13133,3,Low
13134,6,Medium
13135,3,Low
13136,3,Low
13137,17,high
13138,4,Low
13139,8,high
13140,14,high
13141,17,high
13142,16,high
13143,19,high
13144,13,high
13145,3,Low
13146,15,high
13147,12,high
13148,3,Low
13149,5,Medium
13150,3,Low
13151,16,high
13152,3,Low
13153,5,Medium
13154,3,Low
13155,4,Low
13156,29,high
13157,4,Low
13158,28,high
13159,8,high
13160,32,high
13161,4,Low
13162,15,high
13163,4,Low
13164,3,Low
13165,3,Low
13166,12,high
13167,3,Low
13168,3,Low
13169,4,Low
13170,10,high
13171,15,high
13172,4,Low
13173,4,Low
13174,16,high
13175,16,high
13176,3,Low
13177,4,Low
13178,16,high
13179,8,high
13180,3,Low
13181,3,Low
13182,3,Low
13183,20,high
13184,7,Medium
13185,11,high
13186,26,high
13187,4,Low
13188,16,high
13189,11,high
13190,12,high
13191,6,Medium
13192,7,Medium
13193,9,high
13194,3,Low
13195,5,Medium
13196,4,Low
13197,3,Low
13198,9,high
13199,3,Low
13200,6,Medium
13201,11,high
13202,28,high
13203,23,high
13204,23,high
13205,15,high
13206,13,high
13207,12,high
13208,22,high
13209,3,Low
13210,17,high
13211,20,high
13212,8,high
13213,16,high
13214,4,Low
13215,4,Low
13216,4,Low
13217,4,Low
13218,4,Low
13219,23,high
13220,14,high
13221,3,Low
13222,8,high
13223,4,Low
13224,4,Low
13225,4,Low
13226,7,Medium
13227,9,high
13228,7,Medium
13229,7,Medium
13230,5,Medium
13231,4,Low
13232,15,high
13233,8,high
13234,3,Low
13235,3,Low
13236,3,Low
13237,7,Medium
13238,4,Low
13239,3,Low
13240,4,Low
13241,3,Low
13242,23,high
13243,19,high
13244,24,high
13245,14,high
13246,3,Low
13247,10,high
13248,15,high
13249,13,high
13250,20,high
13251,4,Low
13252,4,Low
13253,4,Low
13254,4,Low
13255,3,Low
13256,3,Low
13257,15,high
13258,14,high
13259,11,high
13260,11,high
13261,7,Medium
13262,7,Medium
13263,5,Medium
13264,4,Low
13265,9,high
13266,9,high
13267,5,Medium
13268,10,high
13269,4,Low
13270,4,Low
13271,4,Low
13272,4,Low
13273,7,Medium
13274,7,Medium
13275,3,Low
13276,14,high
13277,11,high
13278,25,high
13279,4,Low
13280,4,Low
13281,7,Medium
13282,4,Low
13283,3,Low
13284,4,Low
13285,3,Low
13286,14,high
13287,16,high
13288,16,high
13289,4,Low
13290,8,high
13291,4,Low
13292,4,Low
13293,22,high
13294,4,Low
13295,5,Medium
13296,3,Low
13297,3,Low
13298,3,Low
13299,8,high
13300,5,Medium
13301,5,Medium
13302,3,Low
13303,4,Low
13304,7,Medium
13305,7,Medium
13306,5,Medium
13307,4,Low
13308,3,Low
13309,4,Low
13310,4,Low
13311,7,Medium
13312,12,high
13313,7,Medium
13314,6,Medium
13315,7,Medium
13316,16,high
13317,13,high
13318,13,high
13319,4,Low
13320,3,Low
13321,3,Low
13322,7,Medium
13323,9,high
13324,5,Medium
13325,3,Low
13326,3,Low
13327,15,high
13328,6,Medium
13329,3,Low
13330,3,Low
13331,24,high
13332,18,high
13333,4,Low
13334,12,high
13335,4,Low
13336,6,Medium
13337,5,Medium
13338,8,high
13339,5,Medium
13340,4,Low
13341,6,Medium
13342,6,Medium
13343,11,high
13344,4,Low
13345,6,Medium
13346,6,Medium
13347,9,high
13348,7,Medium
13349,6,Medium
13350,7,Medium
13351,4,Low
13352,6,Medium
13353,3,Low
13354,25,high
13355,10,high
13356,13,high
13357,31,high
13358,3,Low
13359,3,Low
13360,15,high
13361,27,high
13362,10,high
13363,4,Low
13364,9,high
13365,23,high
13366,6,Medium
13367,5,Medium
13368,4,Low
13369,20,high
13370,23,high
13371,4,Low
13372,8,high
13373,10,high
13374,4,Low
13375,4,Low
13376,6,Medium
13377,9,high
13378,5,Medium
13379,4,Low
13380,4,Low
13381,3,Low
13382,4,Low
13383,20,high
13384,3,Low
13385,10,high
13386,3,Low
13387,3,Low
13388,3,Low
13389,4,Low
13390,5,Medium
13391,4,Low
13392,4,Low
13393,3,Low
13394,3,Low
13395,3,Low
13396,14,high
13397,3,Low
13398,4,Low
13399,4,Low
13400,9,high
13401,4,Low
13402,8,high
13403,14,high
13404,6,Medium
13405,4,Low
13406,3,Low
13407,4,Low
13408,7,Medium
13409,3,Low
13410,3,Low
13411,3,Low
13412,5,Medium
13413,10,high
13414,3,Low
13415,3,Low
13416,7,Medium
13417,10,high
13418,5,Medium
13419,5,Medium
13420,12,high
13421,6,Medium
13422,6,Medium
13423,4,Low
13424,3,Low
13425,4,Low
13426,15,high
13427,15,high
13428,14,high
13429,10,high
13430,11,high
13431,24,high
13432,5,Medium
13433,3,Low
13434,8,high
13435,6,Medium
13436,4,Low
13437,3,Low
13438,6,Medium
13439,4,Low
13440,3,Low
13441,3,Low
13442,7,Medium
13443,3,Low
13444,3,Low
13445,4,Low
13446,4,Low
13447,3,Low
13448,12,high
13449,6,Medium
13450,12,high
13451,3,Low
13452,3,Low
13453,4,Low
13454,6,Medium
13455,4,Low
13456,15,high
13457,3,Low
13458,4,Low
13459,15,high
13460,3,Low
13461,3,Low
13462,3,Low
13463,3,Low
13464,3,Low
13465,3,Low
13466,3,Low
13467,3,Low
13468,7,Medium
13469,7,Medium
13470,7,Medium
13471,5,Medium
13472,5,Medium
13473,3,Low
13474,9,high
13475,7,Medium
13476,4,Low
13477,4,Low
13478,3,Low
13479,10,high
13480,3,Low
13481,3,Low
13482,7,Medium
13483,5,Medium
13484,6,Medium
13485,7,Medium
13486,8,high
13487,4,Low
13488,5,Medium
13489,3,Low
13490,5,Medium
13491,4,Low
13492,3,Low
13493,4,Low
13494,11,high
13495,6,Medium
13496,3,Low
13497,3,Low
13498,3,Low
13499,3,Low
13500,4,Low
13501,4,Low
13502,4,Low
13503,4,Low
13504,11,high
13505,7,Medium
13506,24,high
13507,16,high
13508,4,Low
13509,4,Low
13510,4,Low
13511,6,Medium
13512,6,Medium
13513,5,Medium
13514,8,high
13515,14,high
13516,25,high
13517,4,Low
13518,4,Low
13519,3,Low
13520,32,high
13521,3,Low
13522,30,high
13523,3,Low
13524,12,high
13525,3,Low
13526,4,Low
13527,18,high
13528,5,Medium
13529,7,Medium
13530,18,high
13531,9,high
13532,16,high
13533,3,Low
13534,19,high
13535,19,high
13536,22,high
13537,4,Low
13538,6,Medium
13539,4,Low
13540,16,high
13541,3,Low
13542,4,Low
13543,4,Low
13544,4,Low
13545,3,Low
13546,4,Low
13547,4,Low
13548,4,Low
13549,3,Low
13550,3,Low
13551,4,Low
13552,3,Low
13553,4,Low
13554,4,Low
13555,3,Low
13556,3,Low
13557,3,Low
13558,3,Low
13559,3,Low
13560,7,Medium
13561,3,Low
13562,7,Medium
13563,4,Low
13564,4,Low
13565,13,high
13566,7,Medium
13567,6,Medium
13568,4,Low
13569,4,Low
13570,7,Medium
13571,8,high
13572,13,high
13573,15,high
13574,8,high
13575,7,Medium
13576,9,high
13577,5,Medium
13578,3,Low
13579,12,high
13580,16,high
13581,3,Low
13582,3,Low
13583,3,Low
13584,3,Low
13585,14,high
13586,14,high
13587,15,high
13588,4,Low
13589,4,Low
13590,4,Low
13591,4,Low
13592,4,Low
13593,4,Low
13594,41,high
13595,3,Low
13596,4,Low
13597,4,Low
13598,4,Low
13599,4,Low
13600,4,Low
13601,4,Low
13602,4,Low
13603,4,Low
13604,4,Low
13605,4,Low
13606,7,Medium
13607,4,Low
13608,23,high
13609,6,Medium
13610,4,Low
13611,3,Low
13612,9,high
13613,9,high
13614,4,Low
13615,4,Low
13616,15,high
13617,23,high
13618,3,Low
13619,9,high
13620,8,high
13621,4,Low
13622,3,Low
13623,3,Low
13624,7,Medium
13625,13,high
13626,7,Medium
13627,10,high
13628,15,high
13629,9,high
13630,4,Low
13631,17,high
13632,10,high
13633,12,high
13634,4,Low
13635,17,high
13636,3,Low
13637,7,Medium
13638,25,high
13639,4,Low
13640,3,Low
13641,3,Low
13642,3,Low
13643,11,high
13644,17,high
13645,3,Low
13646,5,Medium
13647,6,Medium
13648,16,high
13649,16,high
13650,16,high
13651,4,Low
13652,4,Low
13653,27,high
13654,4,Low
13655,3,Low
13656,34,high
13657,13,high
13658,28,high
13659,17,high
13660,3,Low
13661,7,Medium
13662,4,Low
13663,4,Low
13664,5,Medium
13665,4,Low
13666,4,Low
13667,3,Low
13668,17,high
13669,12,high
13670,4,Low
13671,4,Low
13672,3,Low
13673,8,high
13674,4,Low
13675,4,Low
13676,17,high
13677,4,Low
13678,21,high
13679,6,Medium
13680,4,Low
13681,5,Medium
13682,6,Medium
13683,6,Medium
13684,3,Low
13685,3,Low
13686,3,Low
13687,20,high
13688,4,Low
13689,3,Low
13690,3,Low
13691,3,Low
13692,6,Medium
13693,4,Low
13694,3,Low
13695,3,Low
13696,28,high
13697,4,Low
13698,27,high
13699,4,Low
13700,3,Low
13701,4,Low
13702,3,Low
13703,31,high
13704,3,Low
13705,27,high
13706,3,Low
13707,4,Low
13708,4,Low
13709,13,high
13710,4,Low
13711,4,Low
13712,15,high
13713,4,Low
13714,18,high
13715,3,Low
13716,13,high
13717,13,high
13718,5,Medium
13719,4,Low
13720,10,high
13721,15,high
13722,4,Low
13723,6,Medium
13724,3,Low
13725,6,Medium
13726,6,Medium
13727,6,Medium
13728,7,Medium
13729,4,Low
13730,3,Low
13731,4,Low
13732,19,high
13733,5,Medium
13734,37,high
13735,3,Low
13736,4,Low
13737,4,Low
13738,4,Low
13739,19,high
13740,7,Medium
13741,8,high
13742,3,Low
13743,5,Medium
13744,6,Medium
13745,17,high
13746,6,Medium
13747,3,Low
13748,4,Low
13749,6,Medium
13750,8,high
13751,3,Low
13752,4,Low
13753,14,high
13754,12,high
13755,7,Medium
13756,3,Low
13757,29,high
13758,10,high
13759,3,Low
13760,29,high
13761,3,Low
13762,10,high
13763,3,Low
13764,6,Medium
13765,10,high
13766,3,Low
13767,32,high
13768,22,high
13769,3,Low
13770,3,Low
13771,4,Low
13772,3,Low
13773,16,high
13774,20,high
13775,3,Low
13776,3,Low
13777,3,Low
13778,3,Low
13779,7,Medium
13780,4,Low
13781,4,Low
13782,3,Low
13783,3,Low
13784,5,Medium
13785,4,Low
13786,4,Low
13787,3,Low
13788,4,Low
13789,3,Low
13790,3,Low
13791,3,Low
13792,3,Low
13793,7,Medium
13794,3,Low
13795,3,Low
13796,16,high
13797,3,Low
13798,6,Medium
13799,6,Medium
13800,6,Medium
13801,4,Low
13802,7,Medium
13803,3,Low
13804,4,Low
13805,3,Low
13806,11,high
13807,18,high
13808,4,Low
13809,13,high
13810,12,high
13811,4,Low
13812,5,Medium
13813,6,Medium
